{
	"name": "betterrolls_kryx_rpg",
	"title": "Better Rolls for Kryx RPG",
	"description": "It's BetterRolls but for Kryx RPG",
	"minimumCoreVersion": "0.7.0",
	"compatibleCoreVersion": "0.7.4",
	"version": "0.2",
	"author": "shem#0226, forking Red Reign#5128",
	"languages": [
		{
			"lang": "en",
			"name": "English",
			"path": "lang/en.json"
		},
		{
			"lang": "fr",
			"name": "Français (French)",
			"path": "lang/fr.json"
		},
		{
			"lang": "es",
			"name": "Español (Spanish)",
			"path": "lang/es.json"
		},
		{
			"lang": "pt-BR",
			"name": "Português (Brasil)",
			"path": "lang/pt-BR.json"
		},
		{
			"lang": "de",
			"name": "Deutsch (German)",
			"path": "lang/de.json"
		},
		{
			"lang": "ja",
			"name": "日本語 (Japanese)",
			"path": "lang/ja.json"
		},
		{
			"lang": "ko",
			"name": "한국어 (Korean)",
			"path": "lang/ko.json"
		}
	],
	"systems": ["kryx_rpg"],
	"esmodules": [
		"./scripts/betterrolls_kryx_rpg.js",
		"./scripts/custom-roll.js",
		"./scripts/init.js",
		"./scripts/chat-damage-buttons.js",
		"./scripts/utils.js",
		"./scripts/hooks.js",
		"./scripts/item-tab.js"
	],
	"styles": ["./css/betterrolls_kryx_rpg.css"],
	"packs": [],
	"url": "https://github.com/itamarcu/FoundryVTT-BetterRollsKryxRPG/tree/master/betterrolls_kryx_rpg",
	"manifest": "https://raw.githubusercontent.com/itamarcu/FoundryVTT-BetterRollsKryxRPG/master/betterrolls_kryx_rpg/module.json",
	"download": "https://github.com/itamarcu/FoundryVTT-BetterRollsKryxRPG/raw/master/betterrolls_kryx_rpg.zip"
}
